,MSE,RMSE,MAE,R²,MAPE
AAPL,435.66970343128423,20.872702350948337,20.8528808449677,-7123.044227986784,10.363048089623028
AMZN,430.2776640570406,20.743135347797367,20.73975494986344,-64.39970963570961,9.665699733398206
JPM,23.210756144303176,4.817754263586218,4.36698095349404,-5.146157398863189,1.5260652303235054
META,321.4467567941156,17.928936298456627,15.860994047508902,-1.94465933510484,2.178115004510694
MSFT,905.6656648529223,30.09427960348814,29.597921980803694,-190.4197390630253,5.978679564350888
SPY,384.3367204103051,19.60450765539153,19.374060441794047,-36.39988758890754,3.1719032788240153
UNH,6.555523851595708,2.5603757246927077,2.036514956600835,0.36387095735758423,0.6737094487005523
overall,354.560535228383,18.829777885795227,15.887378478761727,0.9901923818057097,4.5502980657897245
